{
  "multipart": [
    { "when": { "down":  true }, "apply": { "model": "buildcraft:block/pipes/cobble/cobble_pipe_arm_down"  } },
    { "when": { "up":    true }, "apply": { "model": "buildcraft:block/pipes/cobble/cobble_pipe_arm_up"    } },
    { "when": { "north": true }, "apply": { "model": "buildcraft:block/pipes/cobble/cobble_pipe_arm_north" } },
    { "when": { "south": true }, "apply": { "model": "buildcraft:block/pipes/cobble/cobble_pipe_arm_south" } },
    { "when": { "west":  true }, "apply": { "model": "buildcraft:block/pipes/cobble/cobble_pipe_arm_west"  } },
    { "when": { "east":  true }, "apply": { "model": "buildcraft:block/pipes/cobble/cobble_pipe_arm_east"  } },
    { "apply": { "model": "buildcraft:block/pipes/cobble/cobble_pipe_core" } }
  ]
}
