{ "multipart": [
  { "apply": { "model": "buildcraft:block/pipes/diamond/diamond_pipe_core" }},
  { "when": { "north": true }, "apply": { "model": "buildcraft:block/pipes/diamond/diamond_pipe_arm_north" }},
  { "when": { "south": true }, "apply": { "model": "buildcraft:block/pipes/diamond/diamond_pipe_arm_south" }},
  { "when": { "east":  true }, "apply": { "model": "buildcraft:block/pipes/diamond/diamond_pipe_arm_east" }},
  { "when": { "west":  true }, "apply": { "model": "buildcraft:block/pipes/diamond/diamond_pipe_arm_west" }},
  { "when": { "up":    true }, "apply": { "model": "buildcraft:block/pipes/diamond/diamond_pipe_arm_up" }},
  { "when": { "down":  true }, "apply": { "model": "buildcraft:block/pipes/diamond/diamond_pipe_arm_down" }}
]}
