{
  "multipart": [
    { "when": { "facing": "north" }, "apply": { "model": "buildcraft:block/refinery/refinery_base" } },
    { "when": { "facing": "south" }, "apply": { "model": "buildcraft:block/refinery/refinery_base", "y": 180 } },
    { "when": { "facing": "west"  }, "apply": { "model": "buildcraft:block/refinery/refinery_base", "y": 270 } },
    { "when": { "facing": "east"  }, "apply": { "model": "buildcraft:block/refinery/refinery_base", "y": 90  } },

    { "apply": { "model": "buildcraft:block/refinery/refinery_magnet_north" } },
    { "apply": { "model": "buildcraft:block/refinery/refinery_magnet_south" } }
  ]
}
