{
  "multipart": [
    { "apply": { "model": "buildcraft:block/pipes/stone/stone_pipe_core" }},

    { "when": { "north": "true" }, "apply": { "model": "buildcraft:block/pipes/stone/stone_pipe_arm_north" }},
    { "when": { "south": "true" }, "apply": { "model": "buildcraft:block/pipes/stone/stone_pipe_arm_south" }},
    { "when": { "west":  "true" }, "apply": { "model": "buildcraft:block/pipes/stone/stone_pipe_arm_west"  }},
    { "when": { "east":  "true" }, "apply": { "model": "buildcraft:block/pipes/stone/stone_pipe_arm_east"  }},
    { "when": { "up":    "true" }, "apply": { "model": "buildcraft:block/pipes/stone/stone_pipe_arm_up"    }},
    { "when": { "down":  "true" }, "apply": { "model": "buildcraft:block/pipes/stone/stone_pipe_arm_down"  }}
  ]
}
