{
  "parent": "minecraft:block/block",
  "ambientocclusion": false,
  "render_type": "minecraft:cutout_mipped",
  "textures": {
    "all": "buildcraft:block/pipetextures/iron_solid_pipe",
    "particle": "buildcraft:block/pipetextures/iron_solid_pipe"
  },
  "elements": [
    { "from": [4, 4, 12], "to": [12, 12, 16],
      "faces": { "north": { "texture": "#all" }, "south": { "texture": "#all" },
        "west": { "texture": "#all" },  "east":  { "texture": "#all" },
        "up":   { "texture": "#all" },  "down":  { "texture": "#all" } } }
  ]
}
