{
  "parent": "minecraft:block/block",
  "textures": {
    "all": "buildcraft:block/miningpipe/blockplainpipe",
    "particle": "buildcraft:block/miningpipe/blockplainpipe"
  },
  "elements": [
    { "from": [4, 0, 4], "to": [12, 16, 12],
      "faces": { "north":{"texture":"#all"}, "south":{"texture":"#all"},
        "east":{"texture":"#all"}, "west":{"texture":"#all"},
        "up":{"texture":"#all"}, "down":{"texture":"#all"} }},

    { "from": [3, 0, 5], "to": [4, 16, 11],
      "faces": { "north":{"texture":"#all"}, "south":{"texture":"#all"},
        "east":{"texture":"#all"}, "west":{"texture":"#all"},
        "up":{"texture":"#all"}, "down":{"texture":"#all"} }},
    { "from": [12, 0, 5], "to": [13, 16, 11],
      "faces": { "north":{"texture":"#all"}, "south":{"texture":"#all"},
        "east":{"texture":"#all"}, "west":{"texture":"#all"},
        "up":{"texture":"#all"}, "down":{"texture":"#all"} }},
    { "from": [5, 0, 3], "to": [11, 16, 4],
      "faces": { "north":{"texture":"#all"}, "south":{"texture":"#all"},
        "east":{"texture":"#all"}, "west":{"texture":"#all"},
        "up":{"texture":"#all"}, "down":{"texture":"#all"} }},
    { "from": [5, 0, 12], "to": [11, 16, 13],
      "faces": { "north":{"texture":"#all"}, "south":{"texture":"#all"},
        "east":{"texture":"#all"}, "west":{"texture":"#all"},
        "up":{"texture":"#all"}, "down":{"texture":"#all"} }},

    { "from": [3.5, 0, 4.5], "to": [4.5, 16, 11.5],
      "faces": { "north":{"texture":"#all"}, "south":{"texture":"#all"},
        "east":{"texture":"#all"}, "west":{"texture":"#all"},
        "up":{"texture":"#all"}, "down":{"texture":"#all"} }},
    { "from": [11.5, 0, 4.5], "to": [12.5, 16, 11.5],
      "faces": { "north":{"texture":"#all"}, "south":{"texture":"#all"},
        "east":{"texture":"#all"}, "west":{"texture":"#all"},
        "up":{"texture":"#all"}, "down":{"texture":"#all"} }},
    { "from": [4.5, 0, 3.5], "to": [11.5, 16, 4.5],
      "faces": { "north":{"texture":"#all"}, "south":{"texture":"#all"},
        "east":{"texture":"#all"}, "west":{"texture":"#all"},
        "up":{"texture":"#all"}, "down":{"texture":"#all"} }},
    { "from": [4.5, 0, 11.5], "to": [11.5, 16, 12.5],
      "faces": { "north":{"texture":"#all"}, "south":{"texture":"#all"},
        "east":{"texture":"#all"}, "west":{"texture":"#all"},
        "up":{"texture":"#all"}, "down":{"texture":"#all"} }},

    { "from": [2.5, 0, 6], "to": [3.5, 16, 10],
      "faces": { "north":{"texture":"#all"}, "south":{"texture":"#all"},
        "east":{"texture":"#all"}, "west":{"texture":"#all"},
        "up":{"texture":"#all"}, "down":{"texture":"#all"} }},
    { "from": [12.5, 0, 6], "to": [13.5, 16, 10],
      "faces": { "north":{"texture":"#all"}, "south":{"texture":"#all"},
        "east":{"texture":"#all"}, "west":{"texture":"#all"},
        "up":{"texture":"#all"}, "down":{"texture":"#all"} }},
    { "from": [6, 0, 2.5], "to": [10, 16, 3.5],
      "faces": { "north":{"texture":"#all"}, "south":{"texture":"#all"},
        "east":{"texture":"#all"}, "west":{"texture":"#all"},
        "up":{"texture":"#all"}, "down":{"texture":"#all"} }},
    { "from": [6, 0, 12.5], "to": [10, 16, 13.5],
      "faces": { "north":{"texture":"#all"}, "south":{"texture":"#all"},
        "east":{"texture":"#all"}, "west":{"texture":"#all"},
        "up":{"texture":"#all"}, "down":{"texture":"#all"} }}
  ]
}
