{
  "parent": "minecraft:block/block",
  "ambientocclusion": false,
  "render_type": "minecraft:cutout_mipped",
  "textures": {
    "all": "buildcraft:block/pipetextures/cobble_pipe_texture",
    "particle": "buildcraft:block/pipetextures/cobble_pipe_texture"
  },
  "elements": [
    { "from": [4, 0, 4], "to": [12, 4, 12],
      "faces": { "north": {"texture":"#all"}, "south":{"texture":"#all"},
        "west":{"texture":"#all"}, "east":{"texture":"#all"},
        "up":{"texture":"#all"}, "down":{"texture":"#all"} } }
  ]
}
