{
  "parent": "minecraft:block/block",
  "textures": {
    "all": "buildcraft:block/refinery/refinery"
  },
  "elements": [
    {
      "from": [12, 0, 8],
      "to":   [16, 4, 16],
      "faces": {
        "north": { "texture": "#all", "uv": [16, 48, 32, 64] },
        "south": { "texture": "#all", "uv": [16, 48, 32, 64] },
        "west":  { "texture": "#all", "uv": [16, 48, 32, 64] },
        "east":  { "texture": "#all", "uv": [16, 48, 32, 64] },
        "up":    { "texture": "#all", "uv": [16, 48, 32, 64] },
        "down":  { "texture": "#all", "uv": [16, 48, 32, 64] }
      }
    }
  ]
}
