{
  "parent": "minecraft:block/block",
  "textures": {
    "front":  "buildcraft:block/refinery/refineryfront",
    "back":   "buildcraft:block/refinery/refineryback",
    "east":   "buildcraft:block/refinery/refineryeast",
    "west":   "buildcraft:block/refinery/refinerywest",
    "top":    "buildcraft:block/refinery/refinerytop",
    "bottom": "buildcraft:block/refinery/refinerybottom"
  },

  "elements": [
    {
      "from": [0, 0, 0],
      "to":   [8, 16, 8],
      "faces": {
        "north": { "texture": "#front" },
        "south": { "texture": "#back" },
        "east":  { "texture": "#east" },
        "west":  { "texture": "#west" },
        "up":    { "texture": "#top" },
        "down":  { "texture": "#bottom" }
      }
    },

    {
      "from": [8, 0, 0],
      "to":   [16, 16, 8],
      "faces": {
        "north": { "texture": "#front" },
        "south": { "texture": "#back" },
        "east":  { "texture": "#east" },
        "west":  { "texture": "#west" },
        "up":    { "texture": "#top" },
        "down":  { "texture": "#bottom" }
      }
    },

    {
      "from": [4, 0, 8],
      "to":   [12, 16, 16],
      "faces": {
        "north": { "texture": "#front" },
        "south": { "texture": "#back" },
        "east":  { "texture": "#east" },
        "west":  { "texture": "#west" },
        "up":    { "texture": "#top" },
        "down":  { "texture": "#bottom" }
      }
    }
  ]
}
