{
  "parent": "minecraft:block/block",
  "textures": {
    "all": "buildcraft:block/refinery/refinery"
  },
  "elements": [
    {
      "from": [0, 0, 8],
      "to":   [4, 4, 16],
      "faces": {
        "north": { "texture": "#all", "uv": [0, 32, 16, 48] },
        "south": { "texture": "#all", "uv": [0, 32, 16, 48] },
        "west":  { "texture": "#all", "uv": [0, 32, 16, 48] },
        "east":  { "texture": "#all", "uv": [0, 32, 16, 48] },
        "up":    { "texture": "#all", "uv": [0, 32, 16, 48] },
        "down":  { "texture": "#all", "uv": [0, 32, 16, 48] }
      }
    }
  ]
}
