{
  "parent": "block/block",
  "ambientocclusion": false,
  "textures": {
    "tube": "buildcraft:block/pump/pump_tube"
  },
  "elements": [
    {
      "from": [4.01, 0, 4.01],
      "to":   [5.00, 16, 11.99],
      "faces": {
        "north": { "uv": [0,0,1,16], "texture": "#tube" },
        "south": { "uv": [0,0,1,16], "texture": "#tube" },
        "east":  { "uv": [0,0,8,16], "texture": "#tube" },
        "west":  { "uv": [0,0,8,16], "texture": "#tube" }
      }
    },
    {
      "from": [11.00, 0, 4.01],
      "to":   [11.99, 16, 11.99],
      "faces": {
        "north": { "uv": [0,0,1,16], "texture": "#tube" },
        "south": { "uv": [0,0,1,16], "texture": "#tube" },
        "east":  { "uv": [0,0,8,16], "texture": "#tube" },
        "west":  { "uv": [0,0,8,16], "texture": "#tube" }
      }
    },
    {
      "from": [5.00, 0, 4.01],
      "to":   [11.00, 16, 5.00],
      "faces": {
        "north": { "uv": [0,0,8,16], "texture": "#tube" },
        "south": { "uv": [0,0,8,16], "texture": "#tube" },
        "east":  { "uv": [0,0,1,16], "texture": "#tube" },
        "west":  { "uv": [0,0,1,16], "texture": "#tube" }
      }
    },
    {
      "from": [5.00, 0, 11.00],
      "to":   [11.00, 16, 11.99],
      "faces": {
        "north": { "uv": [0,0,8,16], "texture": "#tube" },
        "south": { "uv": [0,0,8,16], "texture": "#tube" },
        "east":  { "uv": [0,0,1,16], "texture": "#tube" },
        "west":  { "uv": [0,0,1,16], "texture": "#tube" }
      }
    }
  ]
}
