{
  "parent": "minecraft:block/block",
  "gui_light": "front",
  "textures": {
    "all": "buildcraft:block/pipetextures/diamond_pipe",
    "solid_top": "buildcraft:block/pipetextures/items_diamond_north",
    "solid_bottom": "buildcraft:block/pipetextures/items_diamond_south",
    "particle": "buildcraft:block/pipetextures/diamond_pipe"
  },
  "elements": [
    {
      "name": "bottom_solid",
      "from": [4, 0, 4],
      "to":   [12, 4, 12],
      "faces": {
        "up":    { "texture": "#solid_bottom" },
        "down":  { "texture": "#solid_bottom" },
        "north": { "texture": "#solid_bottom" },
        "south": { "texture": "#solid_bottom" },
        "west":  { "texture": "#solid_bottom" },
        "east":  { "texture": "#solid_bottom" }
      }
    },
    {
      "name": "center_clear",
      "from": [4, 4, 4],
      "to":   [12, 12, 12],
      "faces": {
        "up":    { "texture": "#all" },
        "down":  { "texture": "#all" },
        "north": { "texture": "#all" },
        "south": { "texture": "#all" },
        "west":  { "texture": "#all" },
        "east":  { "texture": "#all" }
      }
    },
    {
      "name": "top_solid",
      "from": [4, 12, 4],
      "to":   [12, 16, 12],
      "faces": {
        "up":    { "texture": "#solid_top" },
        "down":  { "texture": "#solid_top" },
        "north": { "texture": "#solid_top" },
        "south": { "texture": "#solid_top" },
        "west":  { "texture": "#solid_top" },
        "east":  { "texture": "#solid_top" }
      }
    }
  ],
  "display": {
    "gui": { "rotation": [30, 225, 0], "translation": [0.0, 0.0, 0], "scale": [0.80, 0.80, 0.80] },
    "fixed": { "rotation": [0, 0, 0], "translation": [0, 0, 0], "scale": [0.90, 0.90, 0.90] },
    "ground": { "rotation": [0, 0, 0], "translation": [0, 3, 0], "scale": [0.50, 0.50, 0.50] },
    "firstperson_righthand": { "rotation": [0, 0, 0], "translation": [0, 0, 0], "scale": [0.80, 0.80, 0.80] },
    "firstperson_lefthand":  { "rotation": [0, 0, 0], "translation": [0, 0, 0], "scale": [0.80, 0.80, 0.80] },
    "thirdperson_righthand": { "rotation": [0, 0, 0], "translation": [0, 2.5, 0], "scale": [0.55, 0.55, 0.55] },
    "thirdperson_lefthand":  { "rotation": [0, 0, 0], "translation": [0, 2.5, 0], "scale": [0.55, 0.55, 0.55] }
  }
}
