{
  "parent": "minecraft:block/block",
  "gui_light": "front",
  "textures": {
    "all": "buildcraft:block/pipetextures/iron_clear_pipe",
    "solid": "buildcraft:block/pipetextures/iron_solid_pipe",
    "particle": "buildcraft:block/pipetextures/iron_clear_pipe"
  },
  "elements": [
    {
      "name": "bottom_solid",
      "from": [4, 0, 4],
      "to":   [12, 4, 12],
      "faces": {
        "up": {"texture":"#solid"}, "down":{"texture":"#solid"},
        "north":{"texture":"#solid"}, "south":{"texture":"#solid"},
        "west":{"texture":"#solid"}, "east":{"texture":"#solid"}
      }
    },
    {
      "name": "center_clear",
      "from": [4, 4, 4],
      "to":   [12, 12, 12],
      "faces": {
        "up":{"texture":"#all"}, "down":{"texture":"#all"},
        "north":{"texture":"#all"}, "south":{"texture":"#all"},
        "west":{"texture":"#all"}, "east":{"texture":"#all"}
      }
    },
    {
      "name": "top_clear",
      "from": [4, 12, 4],
      "to":   [12, 16, 12],
      "faces": {
        "up":{"texture":"#all"}, "down":{"texture":"#all"},
        "north":{"texture":"#all"}, "south":{"texture":"#all"},
        "west":{"texture":"#all"}, "east":{"texture":"#all"}
      }
    }
  ],
  "display": {
    "gui": { "rotation": [30, 225, 0], "translation": [0.0, 0.0, 0], "scale": [0.80, 0.80, 0.80] },
    "fixed": { "rotation": [0, 0, 0], "translation": [0, 0, 0], "scale": [0.90, 0.90, 0.90] },
    "ground": { "rotation": [0, 0, 0], "translation": [0, 3, 0], "scale": [0.50, 0.50, 0.50] },
    "firstperson_righthand": { "rotation": [0, 0, 0], "translation": [0, 0, 0], "scale": [0.80, 0.80, 0.80] },
    "firstperson_lefthand":  { "rotation": [0, 0, 0], "translation": [0, 0, 0], "scale": [0.80, 0.80, 0.80] },
    "thirdperson_righthand": { "rotation": [0, 0, 0], "translation": [0, 2.5, 0], "scale": [0.55, 0.55, 0.55] },
    "thirdperson_lefthand":  { "rotation": [0, 0, 0], "translation": [0, 2.5, 0], "scale": [0.55, 0.55, 0.55] }
  }
}
