{
  "parent": "minecraft:block/block",
  "gui_light": "front",
  "textures": {
    "base_side": "buildcraft:block/engines/stirling_engine/side",
    "base_back": "buildcraft:block/engines/stirling_engine/back",
    "trunk":     "buildcraft:block/engines/stirling_engine/trunk_blue",
    "accordion": "buildcraft:block/engines/stirling_engine/chamber_base",
    "ring_side": "buildcraft:block/engines/stirling_engine/side",
    "ring_top":  "buildcraft:block/engines/stirling_engine/back",
    "particle":  "buildcraft:block/engines/stirling_engine/side"
  },
  "elements": [
    { "from":[0,0,0], "to":[16,2,16],
      "faces":{
        "down":{"texture":"#base_back"},
        "up":{"texture":"#base_side","uv":[0,0,16,8]},
        "north":{"texture":"#base_side","uv":[0,0,16,8]},
        "south":{"texture":"#base_side","uv":[0,0,16,8]},
        "west":{"texture":"#base_side","uv":[0,0,16,8]},
        "east":{"texture":"#base_side","uv":[0,0,16,8]}
      }
    },
    { "from":[0,2,0], "to":[16,4,16],
      "faces":{
        "down":{"texture":"#base_side","uv":[0,0,16,8]},
        "up":{"texture":"#base_back"},
        "north":{"texture":"#base_side","uv":[0,0,16,8]},
        "south":{"texture":"#base_side","uv":[0,0,16,8]},
        "west":{"texture":"#base_side","uv":[0,0,16,8]},
        "east":{"texture":"#base_side","uv":[0,0,16,8]}
      }
    },

    { "from":[0,8,0],    "to":[16,12,4.1],
      "faces":{
        "north":{"texture":"#ring_side"}, "south":{"texture":"#ring_side"},
        "west":{"texture":"#ring_side"},  "east":{"texture":"#ring_side"},
        "up":{"texture":"#ring_top","uv":[0,0,16,4]},
        "down":{"texture":"#ring_top","uv":[0,0,16,4]}
      }
    },
    { "from":[0,8,11.9], "to":[16,12,16],
      "faces":{
        "north":{"texture":"#ring_side"}, "south":{"texture":"#ring_side"},
        "west":{"texture":"#ring_side"},  "east":{"texture":"#ring_side"},
        "up":{"texture":"#ring_top","uv":[0,12,16,16]},
        "down":{"texture":"#ring_top","uv":[0,12,16,16]}
      }
    },
    { "from":[0,8,4],    "to":[4.1,12,12],
      "faces":{
        "north":{"texture":"#ring_side"}, "south":{"texture":"#ring_side"},
        "west":{"texture":"#ring_side"},  "east":{"texture":"#ring_side"},
        "up":{"texture":"#ring_top","uv":[0,4,4,12]},
        "down":{"texture":"#ring_top","uv":[0,4,4,12]}
      }
    },
    { "from":[11.9,8,4], "to":[16,12,12],
      "faces":{
        "north":{"texture":"#ring_side"}, "south":{"texture":"#ring_side"},
        "west":{"texture":"#ring_side"},  "east":{"texture":"#ring_side"},
        "up":{"texture":"#ring_top","uv":[12,4,16,12]},
        "down":{"texture":"#ring_top","uv":[12,4,16,12]}
      }
    },

    { "from":[ 2.90, 4.00,  2.90], "to":[13.10, 8.02,  3.38],
      "faces":{ "north":{"texture":"#accordion"}, "south":{"texture":"#accordion"} } },
    { "from":[ 2.90, 4.00, 12.62], "to":[13.10, 8.02, 13.10],
      "faces":{ "north":{"texture":"#accordion"}, "south":{"texture":"#accordion"} } },
    { "from":[ 2.90, 4.00,  2.90], "to":[ 3.38, 8.02, 13.10],
      "faces":{ "west":{"texture":"#accordion"},  "east":{"texture":"#accordion"} } },
    { "from":[12.62, 4.00,  2.90], "to":[13.10, 8.02, 13.10],
      "faces":{ "west":{"texture":"#accordion"},  "east":{"texture":"#accordion"} } },

    { "from":[4,8,4], "to":[12,16,12],
      "faces":{
        "down":{"texture":"#trunk","uv":[0,0,8,8]},
        "up":{"texture":"#trunk","uv":[0,0,8,8]},
        "north":{"texture":"#trunk","uv":[8,0,16,12]},
        "south":{"texture":"#trunk","uv":[8,0,16,12]},
        "west":{"texture":"#trunk","uv":[8,0,16,12]},
        "east":{"texture":"#trunk","uv":[8,0,16,12]}
      }
    }
  ],
  "display": {
    "gui": { "rotation": [30, 225, 0], "translation": [0, 1, 0], "scale": [0.68, 0.68, 0.68] },
    "fixed": { "rotation": [0, 0, 0], "translation": [0, 0, 0], "scale": [0.90, 0.90, 0.90] },
    "ground": { "rotation": [0, 0, 0], "translation": [0, 3, 0], "scale": [0.50, 0.50, 0.50] },
    "firstperson_righthand": { "rotation": [0, 0, 0], "translation": [0, 0, 0], "scale": [1.00, 1.00, 1.00] },
    "firstperson_lefthand":  { "rotation": [0, 0, 0], "translation": [0, 0, 0], "scale": [1.00, 1.00, 1.00] },
    "thirdperson_righthand": { "rotation": [0, 0, 0], "translation": [0, 2.5, 0], "scale": [0.55, 0.55, 0.55] },
    "thirdperson_lefthand":  { "rotation": [0, 0, 0], "translation": [0, 2.5, 0], "scale": [0.55, 0.55, 0.55] }
  }
}
